label_idx,label_name,precision,recall,f1,support
0,Bare,0.0,0.0,0.0,1
1,Built-up,0.3715083798882682,0.293598233995585,0.3279901356350185,906
2,Cropland,0.7433588473660513,0.6862011637572735,0.7136373460125351,2406
3,Grass,0.010169491525423728,0.046153846153846156,0.016666666666666666,65
4,HerbaceousWetland,0.0,0.0,0.0,1
5,Shrub,0.08306709265175719,0.22033898305084745,0.12064965197215777,118
6,Tree,0.14084507042253522,0.10695187165775401,0.12158054711246201,187
7,Water,0.0,0.0,0.0,3
